{
  "n_obs": 6229,
  "n_vars": 5,
  "component_names": [
    "audit_score",
    "consistency_score",
    "robustness_score",
    "stability_score",
    "power_score"
  ],
  "correlation_matrix": [
    [
      1.0,
      0.14750113032573967,
      0.27299672085992654,
      0.050032825060022615,
      -0.4036672884267927
    ],
    [
      0.14750113032573967,
      0.9999999999999998,
      0.005909962924327109,
      -0.039851354052181986,
      -0.1193126537409756
    ],
    [
      0.27299672085992654,
      0.005909962924327109,
      1.0,
      0.27631061726905726,
      -0.4711983057658797
    ],
    [
      0.050032825060022615,
      -0.03985135405218198,
      0.27631061726905726,
      0.9999999999999998,
      -0.011072904625254933
    ],
    [
      -0.4036672884267927,
      -0.1193126537409756,
      -0.4711983057658796,
      -0.011072904625254933,
      1.0
    ]
  ],
  "eigenvalues": [
    1.8409210570662586,
    1.1369080120863195,
    0.9047788329953512,
    0.676433923199946,
    0.44095817465212456
  ],
  "eigenvectors": [
    [
      -0.508350980439528,
      0.2517306234892471,
      -0.09844409016874611,
      0.7945717153632758,
      -0.19280955406668707
    ],
    [
      -0.1663357669605371,
      0.5946616789819082,
      0.7531285745461599,
      -0.21735271929589772,
      -0.0653073180954114
    ],
    [
      -0.5668082989684605,
      -0.304184774106361,
      -0.06317762757454382,
      -0.42746210112774585,
      -0.6320480321113633
    ],
    [
      -0.21634895106601826,
      -0.6822044634711469,
      0.58298337285683,
      0.22554053154038886,
      0.3115317913113064
    ],
    [
      0.5880758258157994,
      -0.15835995065053327,
      0.2815050366502229,
      0.29634642783619214,
      -0.6797224861443906
    ]
  ],
  "mp_gamma": 0.0008026970621287526,
  "mp_lambda_plus": 1.0574665148695708,
  "mp_lambda_minus": 0.9441388792546864,
  "n_signal_eigenvalues": 2,
  "tw_mu": 1.0573014268865735,
  "tw_sigma": 0.010056341211765622,
  "tw_s": 77.92293575548862,
  "tw_p_approx": 0.0,
  "participation_ratios": [
    3.4181758250089187,
    2.8180547380129863,
    2.254182345702766,
    2.2496402646164477,
    2.605033070298653
  ],
  "first_eigenvector": [
    -0.508350980439528,
    -0.1663357669605371,
    -0.5668082989684605,
    -0.21634895106601826,
    0.5880758258157994
  ],
  "domains_analysed": [
    "Cancer",
    "Cardiovascular",
    "Diabetes",
    "Gastrointestinal",
    "Hypertension",
    "Infection",
    "Mental_health",
    "Other",
    "Pain",
    "Pregnancy",
    "Respiratory"
  ],
  "domain_correlations": {
    "Cancer": [
      [
        1.0,
        0.18325101680077907,
        0.21938192117624505,
        -0.15930849030583216,
        -0.34972405631498765
      ],
      [
        0.18325101680077907,
        0.9999999999999998,
        -0.06233103025409966,
        -0.09541403713968621,
        -0.15225556540271507
      ],
      [
        0.21938192117624503,
        -0.06233103025409966,
        1.0,
        0.23368906728930458,
        -0.32026281888164426
      ],
      [
        -0.15930849030583216,
        -0.09541403713968623,
        0.23368906728930455,
        0.9999999999999998,
        0.23281453846990344
      ],
      [
        -0.3497240563149876,
        -0.1522555654027151,
        -0.32026281888164426,
        0.23281453846990344,
        1.0
      ]
    ],
    "Cardiovascular": [
      [
        0.9999999999999998,
        0.06835305481120992,
        0.3598067629787777,
        0.30088702753211954,
        -0.3998062580576996
      ],
      [
        0.06835305481120992,
        1.0,
        0.13075106517670476,
        -0.04976574794505939,
        -0.1551314572987085
      ],
      [
        0.3598067629787777,
        0.13075106517670476,
        0.9999999999999999,
        0.3309088300069212,
        -0.5081380158729791
      ],
      [
        0.30088702753211954,
        -0.04976574794505939,
        0.3309088300069211,
        1.0,
        -0.10558315872606161
      ],
      [
        -0.3998062580576996,
        -0.1551314572987085,
        -0.5081380158729791,
        -0.10558315872606161,
        1.0
      ]
    ],
    "Diabetes": [
      [
        1.0,
        0.1258218156358881,
        0.3331890539674485,
        0.16700408810144127,
        -0.39112785064171207
      ],
      [
        0.1258218156358881,
        1.0,
        -0.019313474539163773,
        -0.1597392793986587,
        -0.13727518894257762
      ],
      [
        0.3331890539674485,
        -0.019313474539163773,
        1.0,
        0.3630249622334762,
        -0.27735666805547826
      ],
      [
        0.16700408810144127,
        -0.1597392793986587,
        0.36302496223347624,
        1.0,
        0.045604627650189355
      ],
      [
        -0.39112785064171207,
        -0.13727518894257762,
        -0.27735666805547826,
        0.04560462765018935,
        0.9999999999999999
      ]
    ],
    "Gastrointestinal": [
      [
        1.0,
        0.06498481385669161,
        0.2260681831573053,
        -0.17513800947479433,
        -0.5327565641135886
      ],
      [
        0.06498481385669161,
        1.0,
        0.011634508382639358,
        -0.18885321915576833,
        -0.1386738999060408
      ],
      [
        0.2260681831573053,
        0.011634508382639356,
        0.9999999999999999,
        0.20216763833292423,
        -0.07594506483548247
      ],
      [
        -0.1751380094747943,
        -0.18885321915576836,
        0.20216763833292425,
        0.9999999999999999,
        0.4425578417174022
      ],
      [
        -0.5327565641135886,
        -0.1386738999060408,
        -0.07594506483548247,
        0.44255784171740215,
        1.0
      ]
    ],
    "Hypertension": [
      [
        1.0,
        0.1647605980238017,
        0.26039283967152965,
        -0.11173851527932208,
        -0.4513484768315101
      ],
      [
        0.1647605980238017,
        1.0,
        0.017762212458615895,
        0.010678023906151156,
        -0.10373650457821323
      ],
      [
        0.26039283967152965,
        0.01776221245861589,
        1.0,
        0.20574986928099478,
        -0.580496679685168
      ],
      [
        -0.11173851527932208,
        0.010678023906151154,
        0.20574986928099478,
        1.0,
        0.024261897571842106
      ],
      [
        -0.4513484768315101,
        -0.10373650457821322,
        -0.580496679685168,
        0.024261897571842102,
        1.0
      ]
    ],
    "Infection": [
      [
        1.0,
        0.10676094484085343,
        0.2722985325832614,
        -0.169778076239455,
        -0.42309330287854585
      ],
      [
        0.10676094484085343,
        1.0,
        -0.08138375745350747,
        -0.17293940146378245,
        -0.10449809456540893
      ],
      [
        0.2722985325832614,
        -0.08138375745350748,
        1.0,
        0.20913921340067326,
        -0.5259774125390345
      ],
      [
        -0.169778076239455,
        -0.17293940146378245,
        0.20913921340067324,
        0.9999999999999998,
        0.018094985384382405
      ],
      [
        -0.4230933028785458,
        -0.10449809456540894,
        -0.5259774125390345,
        0.018094985384382405,
        1.0
      ]
    ],